{
  "global": {
    "pan_activity": {
      "mean": 0.21300005912780762,
      "std": 0.2148439735174179,
      "min": 0.09185022115707397,
      "max": 0.977725625038147,
      "q25": 0.1409987062215805,
      "q50": 0.147488072514534,
      "q75": 0.15754073858261108
    },
    "tilt_activity": {
      "mean": 0.20925386250019073,
      "std": 0.20778661966323853,
      "min": 0.06827913224697113,
      "max": 1.0,
      "q25": 0.1357816457748413,
      "q50": 0.14350908994674683,
      "q75": 0.14984792470932007
    },
    "wave_type_a": {
      "mean": 0.00235813669860363,
      "std": 0.0031412700191140175,
      "min": 0.0,
      "max": 0.033263981342315674,
      "q25": 0.0,
      "q50": 0.00047093629837036133,
      "q75": 0.004247993230819702
    },
    "wave_type_b": {
      "mean": 0.33181002736091614,
      "std": 0.0025453087873756886,
      "min": 0.3074454665184021,
      "max": 0.3485906422138214,
      "q25": 0.33012235164642334,
      "q50": 0.3317529559135437,
      "q75": 0.33345064520835876
    },
    "frequency": {
      "mean": 0.3571312427520752,
      "std": 0.3003951907157898,
      "min": 0.017711540684103966,
      "max": 1.0,
      "q25": 0.10043111443519592,
      "q50": 0.13768887519836426,
      "q75": 0.6234001517295837
    },
    "amplitude": {
      "mean": 0.2549477219581604,
      "std": 0.21126794815063477,
      "min": 0.0038892540615051985,
      "max": 0.836209237575531,
      "q25": 0.1409372091293335,
      "q50": 0.15851715207099915,
      "q75": 0.24052324891090393
    },
    "offset": {
      "mean": 0.40498772263526917,
      "std": 0.30636096000671387,
      "min": 0.07088294625282288,
      "max": 0.8695683479309082,
      "q25": 0.11541304737329483,
      "q50": 0.13199976086616516,
      "q75": 0.7159636616706848
    },
    "phase": {
      "mean": 0.514046311378479,
      "std": 0.11277841031551361,
      "min": 0.21232666075229645,
      "max": 0.7961898446083069,
      "q25": 0.4983791410923004,
      "q50": 0.502479612827301,
      "q75": 0.5086463093757629
    },
    "col_hue": {
      "mean": 0.1612389236688614,
      "std": 0.2400265336036682,
      "min": 0.036029525101184845,
      "max": 1.0,
      "q25": 0.06458856165409088,
      "q50": 0.06929366290569305,
      "q75": 0.07597367465496063
    },
    "col_sat": {
      "mean": 0.2129475474357605,
      "std": 0.3418198227882385,
      "min": 0.0,
      "max": 0.9686670303344727,
      "q25": 0.021515391767024994,
      "q50": 0.02730150707066059,
      "q75": 0.04619598388671875
    }
  },
  "per_segment": {
    "intro": {
      "pan_activity": {
        "mean": 0.20543301105499268,
        "std": 0.2023918479681015,
        "count": 70962
      },
      "tilt_activity": {
        "mean": 0.21149536967277527,
        "std": 0.210137739777565,
        "count": 70962
      },
      "wave_type_a": {
        "mean": 0.0022752254735678434,
        "std": 0.0030572721734642982,
        "count": 70962
      },
      "wave_type_b": {
        "mean": 0.331695020198822,
        "std": 0.0025733299553394318,
        "count": 70962
      },
      "frequency": {
        "mean": 0.29367247223854065,
        "std": 0.28510624170303345,
        "count": 70962
      },
      "amplitude": {
        "mean": 0.2575524151325226,
        "std": 0.21429945528507233,
        "count": 70962
      },
      "offset": {
        "mean": 0.4327179789543152,
        "std": 0.3057797849178314,
        "count": 70962
      },
      "phase": {
        "mean": 0.5221169590950012,
        "std": 0.11139486730098724,
        "count": 70962
      },
      "col_hue": {
        "mean": 0.1538388431072235,
        "std": 0.22989220917224884,
        "count": 70962
      },
      "col_sat": {
        "mean": 0.19136346876621246,
        "std": 0.32542532682418823,
        "count": 70962
      }
    },
    "verse": {
      "pan_activity": {
        "mean": 0.19570796191692352,
        "std": 0.1857861578464508,
        "count": 169917
      },
      "tilt_activity": {
        "mean": 0.1937791258096695,
        "std": 0.18396860361099243,
        "count": 169917
      },
      "wave_type_a": {
        "mean": 0.0022506434470415115,
        "std": 0.003022489370778203,
        "count": 169917
      },
      "wave_type_b": {
        "mean": 0.33161941170692444,
        "std": 0.002548848744481802,
        "count": 169917
      },
      "frequency": {
        "mean": 0.3711101710796356,
        "std": 0.29826846718788147,
        "count": 169917
      },
      "amplitude": {
        "mean": 0.25375062227249146,
        "std": 0.20832589268684387,
        "count": 169917
      },
      "offset": {
        "mean": 0.4029442071914673,
        "std": 0.3071800768375397,
        "count": 169917
      },
      "phase": {
        "mean": 0.512808620929718,
        "std": 0.11366218328475952,
        "count": 169917
      },
      "col_hue": {
        "mean": 0.1689060628414154,
        "std": 0.2478378713130951,
        "count": 169917
      },
      "col_sat": {
        "mean": 0.2376323640346527,
        "std": 0.3561636209487915,
        "count": 169917
      }
    },
    "chorus": {
      "pan_activity": {
        "mean": 0.2417358160018921,
        "std": 0.25302621722221375,
        "count": 134535
      },
      "tilt_activity": {
        "mean": 0.2308521270751953,
        "std": 0.23545578122138977,
        "count": 134535
      },
      "wave_type_a": {
        "mean": 0.0025417585857212543,
        "std": 0.0033160345628857613,
        "count": 134535
      },
      "wave_type_b": {
        "mean": 0.33213353157043457,
        "std": 0.0025520550552755594,
        "count": 134535
      },
      "frequency": {
        "mean": 0.36952754855155945,
        "std": 0.3030562996864319,
        "count": 134535
      },
      "amplitude": {
        "mean": 0.26121148467063904,
        "std": 0.21795526146888733,
        "count": 134535
      },
      "offset": {
        "mean": 0.38679808378219604,
        "std": 0.30461058020591736,
        "count": 134535
      },
      "phase": {
        "mean": 0.5124180912971497,
        "std": 0.11365319043397903,
        "count": 134535
      },
      "col_hue": {
        "mean": 0.15305258333683014,
        "std": 0.2312181144952774,
        "count": 134535
      },
      "col_sat": {
        "mean": 0.19642788171768188,
        "std": 0.331641286611557,
        "count": 134535
      }
    },
    "instrumental": {
      "pan_activity": {
        "mean": 0.20331856608390808,
        "std": 0.20226119458675385,
        "count": 27681
      },
      "tilt_activity": {
        "mean": 0.1981949508190155,
        "std": 0.1926243007183075,
        "count": 27681
      },
      "wave_type_a": {
        "mean": 0.002319475170224905,
        "std": 0.0031477785669267178,
        "count": 27681
      },
      "wave_type_b": {
        "mean": 0.3317054808139801,
        "std": 0.0022940062917768955,
        "count": 27681
      },
      "frequency": {
        "mean": 0.38253191113471985,
        "std": 0.3152700960636139,
        "count": 27681
      },
      "amplitude": {
        "mean": 0.22751080989837646,
        "std": 0.1895354837179184,
        "count": 27681
      },
      "offset": {
        "mean": 0.4308251440525055,
        "std": 0.3065089285373688,
        "count": 27681
      },
      "phase": {
        "mean": 0.5053085684776306,
        "std": 0.10427596420049667,
        "count": 27681
      },
      "col_hue": {
        "mean": 0.178758442401886,
        "std": 0.262313574552536,
        "count": 27681
      },
      "col_sat": {
        "mean": 0.20674194395542145,
        "std": 0.33882686495780945,
        "count": 27681
      }
    },
    "start": {
      "pan_activity": {
        "mean": 0.14944514632225037,
        "std": 0.0065094223245978355,
        "count": 774
      },
      "tilt_activity": {
        "mean": 0.14140459895133972,
        "std": 0.008938209153711796,
        "count": 774
      },