{
  "ssm_correlation": {
    "wasserstein": 0.07582028437988672,
    "ks_statistic": 0.2485689928145171,
    "ks_pvalue": 0.013362373327451904,
    "mw_statistic": 2978.0,
    "mw_pvalue": 0.0031565094841724092,
    "mean_diff": -0.07580804350302917,
    "std_diff": -0.03501614314641316,
    "gen_mean": 0.16204255470677023,
    "gen_std": 0.13121943551034654,
    "gen_median": 0.1260323266651909,
    "gt_mean": 0.2378505982097994,
    "gt_std": 0.1662355786567597,
    "gt_median": 0.2145988225545745
  },
  "novelty_correlation": {
    "wasserstein": 0.3195867931724149,
    "ks_statistic": 0.514919011082694,
    "ks_pvalue": 5.954019899972666e-10,
    "mw_statistic": 1523.0,
    "mw_pvalue": 1.3487799978696317e-11,
    "mean_diff": -0.31404768456127313,
    "std_diff": -0.06225191158140142,
    "gen_mean": 0.02910824663411843,
    "gen_std": 0.2214080121941669,
    "gen_median": 0.0098937275502339,
    "gt_mean": 0.34315593119539156,
    "gt_std": 0.2836599237755683,
    "gt_median": 0.3453176159312091
  },
  "boundary_f_score": {
    "wasserstein": 0.0,
    "ks_statistic": 0.0,
    "ks_pvalue": 1.0,
    "mw_statistic": 4105.5,
    "mw_pvalue": 1.0,
    "mean_diff": 0.0,
    "std_diff": 0.0,
    "gen_mean": 0.0,
    "gen_std": 0.0,
    "gen_median": 0.0,
    "gt_mean": 0.0,
    "gt_std": 0.0,
    "gt_median": 0.0
  },
  "rms_correlation": {
    "wasserstein": 0.4155735815003401,
    "ks_statistic": 0.5646084520764828,
    "ks_pvalue": 5.3630661524772814e-12,
    "mw_statistic": 1452.0,
    "mw_pvalue": 3.67145424196655e-12,
    "mean_diff": -0.41557358150034,
    "std_diff": -0.060292609720310586,
    "gen_mean": 0.020008873385825188,
    "gen_std": 0.29267080641973203,
    "gen_median": 0.0553271300694162,
    "gt_mean": 0.4355824548861652,
    "gt_std": 0.3529634161400426,
    "gt_median": 0.5206186270769091
  },
  "onset_correlation": {
    "wasserstein": 0.18269876151828662,
    "ks_statistic": 0.21775666788454512,
    "ks_pvalue": 0.0422665010105005,
    "mw_statistic": 4144.0,
    "mw_pvalue": 0.9207115763308836,
    "mean_diff": 0.0352869147573767,
    "std_diff": -0.21828751398337842,
    "gen_mean": 0.09029888908275222,
    "gen_std": 0.2187165713318695,
    "gen_median": 0.0854036227903739,
    "gt_mean": 0.055011974325375516,
    "gt_std": 0.4370040853152479,
    "gt_median": 0.0860079433152287
  },
  "beat_peak_alignment": {
    "wasserstein": 0.011973370068370463,
    "ks_statistic": 0.1575934721714773,
    "ks_pvalue": 0.25751709600954664,
    "mw_statistic": 4568.0,
    "mw_pvalue": 0.22611567719070536,
    "mean_diff": 0.00761922502574449,
    "std_diff": 0.006517707835536617,
    "gen_mean": 0.048851567380389115,
    "gen_std": 0.06491133441076798,
    "gen_median": 0.0180670696220755,
    "gt_mean": 0.041232342354644624,
    "gt_std": 0.05839362657523136,
    "gt_median": 0.0143755794471458
  },
  "beat_valley_alignment": {
    "wasserstein": 0.009049891832214073,
    "ks_statistic": 0.11703811959566435,
    "ks_pvalue": 0.6125480942287999,
    "mw_statistic": 4268.0,
    "mw_pvalue": 0.6712596871009996,
    "mean_diff": 0.004255863617056696,
    "std_diff": 0.0042731636519189875,
    "gen_mean": 0.051511388310204964,
    "gen_std": 0.07164420226512774,
    "gen_median": 0.0193815372992135,
    "gt_mean": 0.04725552469314827,
    "gt_std": 0.06737103861320876,
    "gt_median": 0.0239024337210387
  },
  "intensity_variance": {
    "wasserstein": 0.0750423526200101,
    "ks_statistic": 0.5273413713311411,
    "ks_pvalue": 1.9318294394579464e-10,
    "mw_statistic": 6345.0,
    "mw_pvalue": 4.4953963988889175e-09,
    "mean_diff": 0.07280530204996893,
    "std_diff": -0.03239377763405066,
    "gen_mean": 0.29932313631562624,
    "gen_std": 0.05439023681269538,
    "gen_median": 0.3012711405754089,
    "gt_mean": 0.2265178342656573,
    "gt_std": 0.08678401444674604,
    "gt_median": 0.2195338599270209
  },
  "color_variance": {
    "wasserstein": 0.20131201554571004,
    "ks_statistic": 0.8757763975155279,
    "ks_pvalue": 2.3217172473365952e-32,
    "mw_statistic": 8009.0,
    "mw_pvalue": 1.4542530100572344e-24,
    "mean_diff": 0.20131201554571004,
    "std_diff": -0.024535443031196293,
    "gen_mean": 0.2814006089579825,
    "gen_std": 0.047139659060403676,
    "gen_median": 0.2878547459840774,
    "gt_mean": 0.08008859341227247,
    "gt_std": 0.07167510209159997,
    "gt_median": 0.0672190898915723
  }
}