{
  "num_files": 51,
  "timestamp": "2025-08-10T18:04:13.194748",
  "ssm_correlation": {
    "mean": 0.16204255470677023,
    "std": 0.1325251336945829,
    "min": -0.074340840896924,
    "max": 0.5740581625117291,
    "median": 0.1260323266651909,
    "q25": 0.079129926092042,
    "q75": 0.2538122030513006
  },
  "novelty_correlation": {
    "mean": 0.02910824663411843,
    "std": 0.223611131254792,
    "min": -0.38042458439372073,
    "max": 0.5097700364120027,
    "median": 0.009893727550233938,
    "q25": -0.1316449233105976,
    "q75": 0.23200863209676068
  },
  "boundary_f_score": {
    "mean": 0.0,
    "std": 0.0,
    "min": 0.0,
    "max": 0.0,
    "median": 0.0,
    "q25": 0.0,
    "q75": 0.0
  },
  "rms_correlation": {
    "mean": 0.020008873385825198,
    "std": 0.29558302547504955,
    "min": -0.7409008240660782,
    "max": 0.6407502958925003,
    "median": 0.05532713006941626,
    "q25": -0.13870114262861155,
    "q75": 0.23337559271764863
  },
  "onset_correlation": {
    "mean": 0.09029888908275222,
    "std": 0.22089290922678378,
    "min": -0.4640533350173081,
    "max": 0.6258937843949135,
    "median": 0.08540362279037392,
    "q25": -0.03516592916264499,
    "q75": 0.23840447059362077
  },
  "beat_peak_alignment": {
    "mean": 0.04885156738038914,
    "std": 0.06555723424372235,
    "min": 3.857499697003873e-23,
    "max": 0.2669169104045782,
    "median": 0.01806706962207553,
    "q25": 8.38688298896578e-05,
    "q75": 0.09339788136855243
  },
  "beat_valley_alignment": {
    "mean": 0.051511388310204985,
    "std": 0.07235709745816692,
    "min": 2.6522479639838e-106,
    "max": 0.37504193473223846,
    "median": 0.019381537299213568,
    "q25": 6.709481007873049e-05,
    "q75": 0.08336129045607427
  },
  "intensity_variance": {
    "mean": 0.29932313631562624,
    "std": 0.054931446528849986,
    "min": 0.16619117558002472,
    "max": 0.40723171830177307,
    "median": 0.30127114057540894,
    "q25": 0.270130917429924,
    "q75": 0.33520612120628357
  },
  "color_variance": {
    "mean": 0.2814006089579825,
    "std": 0.047608721947325155,
    "min": 0.1596469059586525,
    "max": 0.36419355869293213,
    "median": 0.28785474598407745,
    "q25": 0.24610957875847816,
    "q75": 0.3171670660376549
  },
  "structure_score": {
    "mean": 0.06371693378029623,
    "std": 0.1038764649490139,
    "min": -0.11477438402229152,
    "max": 0.3612760663079106,
    "median": 0.05562926438015137,
    "q25": -0.026917677023768762,
    "q75": 0.14612547590310376
  },
  "rhythm_score": {
    "mean": 0.050181477845297064,
    "std": 0.05335045321211435,
    "min": 3.000277541815224e-23,
    "max": 0.24432127779074136,
    "median": 0.0225745181982088,
    "q25": 0.009713533109749165,
    "q75": 0.07837361108149773
  },
  "dynamics_score": {
    "mean": 0.0551538812342887,
    "std": 0.1815004946075881,
    "min": -0.3645860360971617,
    "max": 0.48578798517148136,
    "median": 0.07778681706842176,
    "q25": -0.06044778477609394,
    "q75": 0.18356421891707023
  },
  "overall_score": {
    "mean": 0.056350764286627344,
    "std": 0.05705383050137572,
    "min": -0.052243064539571955,
    "max": 0.15572712056282173,
    "median": 0.059420226249102225,
    "q25": 0.012259677696650904,
    "q75": 0.10240591038243937
  },
  "best_file": {
    "name": "Sido_Andreas_Bourani_-_Astronaut",
    "score": 0.15572712056282173
  },
  "worst_file": {
    "name": "Daft_Punk_-_Give_Life_Back_to_Music",
    "score": -0.052243064539571955
  }
}