{
  "num_files": 161,
  "timestamp": "2025-08-10T18:04:17.866417",
  "ssm_correlation": {
    "mean": 0.2378505982097994,
    "std": 0.16675425566958899,
    "min": -0.07532623148395946,
    "max": 0.8277876040676144,
    "median": 0.21459882255457455,
    "q25": 0.11566098897610644,
    "q75": 0.3296807503679354
  },
  "novelty_correlation": {
    "mean": 0.34315593119539156,
    "std": 0.28454498029061853,
    "min": -0.6071116893240377,
    "max": 0.9776095187994818,
    "median": 0.34531761593120913,
    "q25": 0.1587975325448199,
    "q75": 0.5207010082928308
  },
  "boundary_f_score": {
    "mean": 0.0,
    "std": 0.0,
    "min": 0.0,
    "max": 0.0,
    "median": 0.0,
    "q25": 0.0,
    "q75": 0.0
  },
  "rms_correlation": {
    "mean": 0.4355824548861652,
    "std": 0.3540647087261476,
    "min": -0.711818997736542,
    "max": 0.9805425371601393,
    "median": 0.5206186270769091,
    "q25": 0.2630415802601931,
    "q75": 0.7034510227931203
  },
  "onset_correlation": {
    "mean": 0.055011974325375516,
    "std": 0.4383675959150669,
    "min": -0.8745785327775432,
    "max": 0.953831821385664,
    "median": 0.08600794331522874,
    "q25": -0.25287241559921664,
    "q75": 0.37393324222245533
  },
  "beat_peak_alignment": {
    "mean": 0.04123234235464466,
    "std": 0.05857582242069985,
    "min": 0.0,
    "max": 0.3515345869912362,
    "median": 0.01437557944714589,
    "q25": 1.2660116524528064e-05,
    "q75": 0.06328979689584606
  },
  "beat_valley_alignment": {
    "mean": 0.047255524693148296,
    "std": 0.06758124517272787,
    "min": 0.0,
    "max": 0.426114711284203,
    "median": 0.023902433721038795,
    "q25": 4.792323255931086e-05,
    "q75": 0.06882853074466765
  },
  "intensity_variance": {
    "mean": 0.22651783426565733,
    "std": 0.08705479206089034,
    "min": 0.0,
    "max": 0.45190062970630585,
    "median": 0.2195338599270209,
    "q25": 0.1690824430143596,
    "q75": 0.2736646066300076
  },
  "color_variance": {
    "mean": 0.08008859341227251,
    "std": 0.07189873789897348,
    "min": 0.0,
    "max": 0.3144145859247647,
    "median": 0.06721908989157233,
    "q25": 0.025861135834634088,
    "q75": 0.11130821735750471
  },
  "structure_score": {
    "mean": 0.1936688431350637,
    "std": 0.13349076441981303,
    "min": -0.1458500658677661,
    "max": 0.5668432512108543,
    "median": 0.19409794596001476,
    "q25": 0.10183688260219105,
    "q75": 0.27677237526661985
  },
  "rhythm_score": {
    "mean": 0.04424393352389648,
    "std": 0.044996870339474866,
    "min": 0.0,
    "max": 0.21846241461309998,
    "median": 0.033833820809153176,
    "q25": 0.008329684279643704,
    "q75": 0.0664297086435584
  },
  "dynamics_score": {
    "mean": 0.24529721460577036,
    "std": 0.3011766603912476,
    "min": -0.7431643473625251,
    "max": 0.9671871792729017,
    "median": 0.24332154673913062,
    "q25": 0.046872997829414315,
    "q75": 0.4710504781713873
  },
  "overall_score": {
    "mean": 0.16106999708824352,
    "std": 0.11656692354808511,
    "min": -0.21279240574432934,
    "max": 0.46218425993029477,
    "median": 0.16997647887723935,
    "q25": 0.08986994274241639,
    "q75": 0.24280900844029984
  },
  "best_file": {
    "name": "ID06HG02",
    "score": 0.46218425993029477
  },
  "worst_file": {
    "name": "ID03HG02",
    "score": -0.21279240574432934
  }
}