{
  "wave_type_distribution": {
    "still": 0.308994708994709,
    "random": 0.6349206349206349,
    "pwm_basic": 0.006349206349206349,
    "pwm_extended": 0.008465608465608466,
    "odd_even": 0.01798941798941799,
    "square": 0.01904761904761905,
    "sine": 0.004232804232804233
  },
  "total_files": 315,
  "total_decisions": 945
}